{
    "ids": "328601,307300,307317,307301,301893,310389,310494,310629,318795,310460,334708,319412,309599,328471,330208,328623",
    "sede_coords": [
        [10.952055, -63.8630155] 
    ],
      "resguardo_secundario_coords": [
        [10.97503025, -63.8368765],  
        [11.00461425, -63.798138],
        [10.99852675, -63.79933025] 
   ],
     "vertedero_coords": [
	[10.972169, -64.002264] 
   ],
	"ids_exep": ["7014 J.D.C"]
}


