{
    "ids":"310621,310649,310541,309731,318831,338565,338548,335228,335254,335253,335210,338567,338553,338562,338544,338542,338647,338569,338564,338559,338561,339152,339166,339161,339160,309701,334690,310633,325267,303054,308179,331495,331496,331489,331494,331493,323092,309729,330856,328846,337830,339266,339265,339244,337840,318816,318847,310622,310533,319322,310616,338642,335230,335251,335247,335252,331497,335249,339268,338644",
    "sede_coords": [
        [10.594678, -71.661703],
		[10.646960, -71.631342]
 	],
    "resguardo_secundario_coords": [
		 [10.552770, -71.671740],
		 [10.664734, -71.627431],
		 [10.663350, -71.693240]
	],
    "vertedero_coords": [
		[10.62711, -71.78501]
	]
}















