{
    "ids": "302005,335250,322991,301848,323144,301931,301873,301975,301891,308190,314809,319378,307304",
    "sede_coords": [
        [10.191370,-67.961420] 
    ],
    "resguardo_secundario_coords": [
        [10.234530,-67.969920] 
    ],
    "vertedero_coords": [],
    "ids_exep": []
}
